Id Domanda;Domanda;Risposta giusta;Risposta sbagliata 1;Risposta sbagliata 2;Risposta sbagliata 3;Peso domanda
1;Chi è l'inventore originale del linguaggio C?;Dennis Ritchie;Bjarne Stroustrup;James Gosling;Ken Thompson;1
2;Perché il C viene definito un linguaggio di "livello medio"?;Permette la manipolazione di bit e indirizzi pur essendo portabile;È più facile da imparare rispetto all'Assembly;Non ha tipi di dati complessi;Funziona solo su sistemi Unix;1
3;Quanti sono i termini chiave (keywords) definiti dallo standard C89?;32;63;100;15;1
4;Qual è lo scopo principale del "linker"?;Unire moduli oggetto e librerie per creare un eseguibile;Tradurre il codice C in linguaggio macchina;Sostituire le macro nel codice sorgente;Eseguire il programma passo dopo passo;1
5;Quali sono i cinque tipi di dati di base definiti nel C subset?;char, int, float, double, void;string, bool, long, double, int;char, short, int, long, void;int, float, array, struct, pointer;1
6;Cosa indica il qualificatore 'volatile'?;La variabile può essere modificata da fattori esterni al programma;La variabile non può mai cambiare valore;La variabile deve essere salvata solo nei registri della CPU;La variabile è visibile solo all'interno di una funzione;1
7;Qual è l'effetto dell'operatore ternario '?'?;Sostituisce alcune istruzioni di tipo if-then-else;Esegue un ciclo fino a quando una condizione è vera;Converte un tipo di dato in un altro;Restituisce la dimensione di un oggetto in byte;1
8;Cosa restituisce l'operatore 'sizeof'?;La dimensione in byte dell'oggetto o tipo specificato;L'indirizzo di memoria della variabile;Il numero di elementi in un array;La lunghezza di una stringa terminata da null;1
9;In C, come viene interpretato il valore "falso"?;Qualsiasi valore uguale a zero;Qualsiasi valore negativo;Il valore NULL;Solo la parola chiave false;1
10;Quale istruzione viene usata per uscire immediatamente da un ciclo o da uno switch?;break;continue;exit;goto;1
11;Qual è la caratteristica di un ciclo 'do-while'?;Il corpo del ciclo viene eseguito almeno una volta;La condizione viene controllata prima di entrare nel ciclo;Non può mai essere infinito;Non può contenere istruzioni if;1
12;Cos'è una stringa nello stile C?;Un array di caratteri terminato da un carattere null (\0);Un oggetto della classe std::string;Una sequenza di caratteri racchiusa tra virgolette singole;Un puntatore a una funzione;1
13;Qual è la funzione usata per copiare una stringa in un'altra?;strcpy();strcat();strlen();strcmp();1
14;Tecnicamente, cos'è un puntatore?;L'indirizzo di memoria di un oggetto;Il valore numerico di una variabile;Un sinonimo di array;Una funzione che non restituisce nulla;1
15;Quale funzione alloca memoria dinamica in C?;malloc();free();new;delete;1
16;Cosa rappresentano argc e argv nella funzione main()?;Il numero e i puntatori agli argomenti della riga di comando;Le variabili globali del programma;Il codice di errore restituito al sistema operativo;Le costanti definite nel preprocessore;1
17;Quale keyword definisce un tipo di dato aggregato sotto un unico nome?;struct;union;enum;typedef;1
18;In una 'union', cosa succede alla memoria allocata?;È condivisa da tutti i membri della union;Ogni membro ha la sua area di memoria separata;È accessibile solo in modalità sola lettura;Viene liberata automaticamente a ogni accesso;1
19;A cosa serve la parola chiave 'typedef'?;A definire un nuovo nome per un tipo di dato esistente;A creare una nuova variabile globale;A dichiarare una funzione esterna;A includere un file header;1
20;Qual è lo scopo della direttiva '#define'?;Definire un identificatore e una sequenza di sostituzione (macro);Includere un file nel programma;Forzare l'arresto della compilazione;Specificare un'opzione del compilatore;1
21;Chi ha inventato il linguaggio C++?;Bjarne Stroustrup;Dennis Ritchie;Bill Gates;Linus Torvalds;1
22;Quali sono i tre pilastri della programmazione orientata agli oggetti (OOP)?;Incapsulamento, polimorfismo, ereditarietà;Variabili, costanti, funzioni;Compilazione, linking, esecuzione;Array, puntatori, strutture;1
23;Cos'è l'incapsulamento?;Il meccanismo che lega codice e dati proteggendoli da interferenze esterne;La capacità di una funzione di richiamare se stessa;Il processo di creazione di un file eseguibile;L'uso di più classi base per una classe derivata;1
24;In C++, qual è l'header standard per le operazioni di I/O?;<iostream>;<stdio.h>;<stdlib.h>;<string.h>;1
25;Quale operatore si usa con 'cout' per visualizzare dati?;<<;>>;++;&;1
26;In C++, dove si possono dichiarare le variabili locali?;In qualsiasi punto del blocco di codice;Solo all'inizio di una funzione;Solo all'esterno del main;Solo all'interno di un'istruzione switch;1
27;Qual è la differenza principale tra una 'class' e una 'struct' in C++?;I membri di una class sono privati di default, quelli di una struct sono pubblici;Le struct non possono avere funzioni;Le class non supportano l'ereditarietà;Le struct non possono avere costruttori;1
28;Cos'è un costruttore?;Una funzione membro che inizializza un oggetto al momento della creazione;Una funzione che distrugge un oggetto;Un operatore per l'allocazione dinamica;Una macro del preprocessore;1
29;Quando viene richiamato il distruttore di una classe?;Quando l'oggetto esce dal suo ambito di visibilità o viene eliminato;Ogni volta che si chiama una funzione membro;Solo se si verifica un errore nel programma;Quando si dichiara l'oggetto;1
30;A cosa punta il puntatore 'this'?;All'oggetto che ha generato la chiamata alla funzione membro;Alla classe base;All'indirizzo della funzione main;Al prossimo elemento di un array;1
31;Quali operatori sostituiscono malloc e free in C++?;new e delete;alloc e dealloc;create e destroy;get e put;1
32;Cos'è un "riferimento" (reference) in C++?;Un nome alternativo (alias) per una variabile esistente;L'indirizzo di memoria di una variabile;Una copia esatta di un oggetto;Un puntatore a una funzione virtuale;1
33;Cosa permette di fare il "function overloading"?;Definire più funzioni con lo stesso nome ma parametri diversi;Eseguire una funzione in modo asincrono;Nascondere i dati privati di una classe;Richiamare una funzione della classe base;1
34;Quale parola chiave si usa per sovraccaricare un operatore?;operator;overload;friend;virtual;1
35;Cosa succede nell'ereditarietà multipla?;Una classe deriva da più di una classe base;Una classe base ha più classi derivate;Una funzione richiama più classi contemporaneamente;Un oggetto viene creato più volte in memoria;1
36;Quale problema risolvono le classi base virtuali?;L'ambiguità nell'ereditarietà multipla (problema del diamante);L'eccessivo consumo di memoria;L'impossibilità di usare puntatori;La lentezza della compilazione;1
37;Cosa permette il polimorfismo a tempo di esecuzione?;Le funzioni virtuali;Le macro del preprocessore;I parametri predefiniti;Le variabili statiche;1
38;Cosa rende una classe "astratta"?;La presenza di almeno una funzione virtuale pura;L'assenza di membri dati;Il fatto di non avere un costruttore;L'uso della parola chiave abstract;1
39;Qual è lo scopo della Standard Template Library (STL)?;Fornire soluzioni pronte all'uso tramite container, algoritmi e iteratori;Sostituire completamente il preprocessore;Gestire l'interfaccia grafica dei programmi;Tradurre il codice in Java;1
40;Quale container della STL rappresenta un array dinamico?;vector;list;map;stack;1
41;Cosa sono gli "iteratori" nella STL?;Oggetti che agiscono come puntatori per scorrere i container;Funzioni che ordinano i dati;Variabili che contengono il numero di elementi;Errori generati a tempo di esecuzione;1
42;Quale blocco si usa in C++ per gestire le eccezioni?;try, catch, throw;if, else, switch;begin, end, final;open, read, close;1
43;Cosa indica la parola chiave 'namespace'?;Una regione dichiarativa per organizzare i nomi dei programmi;Il nome fisico del file sorgente;Il percorso di installazione del compilatore;L'area di memoria dedicata allo stack;1
44;Qual è l'estensione convenzionale dei file sorgente C++?;.cpp;.c;.h;.obj;1
45;Cosa fa l'operatore '::'?;Risoluzione dell'ambito (scope resolution);Accesso ai membri di una struttura;Confronto di uguaglianza;Allocazione di un array;1
46;Qual è il valore numerico di 'true' dopo la conversione in intero?;1;0;-1;Qualsiasi valore negativo;1
47;Quale funzione della libreria standard C restituisce la lunghezza di una stringa?;strlen();strcpy();strtok();scanf();1
48;In C++, quale manipolatore inserisce un carattere di nuova riga e svuota il buffer?;endl;nl;newline;flush;1
49;Come si dichiara un puntatore a un intero in C?;int *p;int p&;int &p;ptr int p;1
50;Quale direttiva impedisce l'inclusione multipla di un file header?;#ifndef (con header guard);#include;#pragma message;#define;1
51;Cosa permette di creare un 'template' in C++?;Funzioni e classi generiche indipendenti dal tipo di dato;Variabili globali protette;Macro del preprocessore più veloci;Interfacce grafiche;1
52;In una funzione template, come viene solitamente specificato il tipo di dato?;Tramite un parametro di tipo (es. <class T> o <typename T>);Usando il tipo void *;Definendo una macro #define;Dichiarando la variabile come static;1
53;Qual è la restrizione principale delle funzioni template rispetto a quelle sovraccaricate?;Devono eseguire la stessa logica per tutti i tipi di dati;Non possono accettare parametri costanti;Devono essere dichiarate come friend;Non possono restituire valori;1
54;Cosa succede se un'eccezione viene lanciata ma non catturata da alcun blocco catch?;Viene chiamata la funzione terminate();Il programma ignora l'errore e continua;La variabile viene azzerata;Viene eseguito un riavvio del sistema;1
55;Qual è l'ordine corretto dei blocchi catch quando si gestiscono classi base e derivate?;La classe derivata deve precedere la classe base;La classe base deve precedere la classe derivata;L'ordine è del tutto irrilevante;Non si possono catturare classi derivate;1
56;Cosa fa l'istruzione 'throw;' senza argomenti all'interno di un blocco catch?;Rilancia l'eccezione corrente al modulo esterno;Termina immediatamente il programma;Azzera lo stato del flusso I/O;Cattura tutte le eccezioni pendenti;1
57;Quale header è necessario per utilizzare i manipolatori I/O con parametri come setw()?;<iomanip>;<iostream>;<fstream>;<cstdlib>;1
58;Perché gli operatori << e >> sovraccaricati per una classe non possono essere membri della classe stessa?;Il primo operando è uno stream, non un oggetto della classe;C++ proibisce il sovraccarico di operatori di I/O;Richiederebbero troppa memoria;Devono essere sempre dichiarati come static;1
59;A cosa serve la funzione 'gcount()' negli stream di input?;Restituisce il numero di caratteri letti dall'ultima operazione binaria;Conta quante volte un file è stato aperto;Verifica se il file è vuoto;Restituisce la dimensione totale del file;1
60;Quale funzione permette di spostare il puntatore di lettura in un file?;seekg();seekp();tellg();flush();1
61;Cosa restituisce l'operatore 'typeid'?;Un riferimento a un oggetto type_info;L'indirizzo di memoria della classe;La dimensione della classe in byte;Un puntatore alla funzione main;1
62;Quale operatore di cast viene usato per conversioni sicure lungo una gerarchia polimorfica?;dynamic_cast;static_cast;reinterpret_cast;const_cast;1
63;Quale operatore di cast è l'unico in grado di rimuovere l'attributo 'const'?;const_cast;dynamic_cast;static_cast;reinterpret_cast;1
64;Cosa accade se si applica typeid a un puntatore nullo dereferenziato?;Viene lanciata un'eccezione bad_typeid;Il programma crasha immediatamente;Restituisce il tipo void;Il risultato è un puntatore a NULL;1
65;Qual è lo scopo principale di un 'namespace'?;Evitare collisioni tra nomi in progetti di grandi dimensioni;Aumentare la velocità di esecuzione;Nascondere il codice sorgente;Creare variabili che non consumano memoria;1
66;Cosa indica un 'unnamed namespace' (namespace senza nome)?;I nomi al suo interno sono locali al file corrente;Il namespace è accessibile da tutto il progetto;I nomi sono visibili solo all'interno del compilatore;Il namespace viene eliminato dopo il primo utilizzo;1
67;In C++, cos'è una "conversione di funzione" (conversion function)?;Un operatore membro che converte un oggetto in un altro tipo;Una funzione che cambia il nome delle variabili;Una macro che trasforma C in C++;Un metodo per cambiare il valore di ritorno di main;1
68;Cosa indica la keyword 'explicit' applicata a un costruttore?;Impedisce l'uso del costruttore per conversioni implicite;Obbliga il compilatore a eseguire l'inlining;Permette al costruttore di restituire un valore;Dichiara che il costruttore è definito esternamente;1
69;Qual è la differenza principale tra 'std::vector' e un array classico?;Il vector può crescere dinamicamente durante l'esecuzione;Il vector non supporta l'accesso tramite indici [];L'array classico è più sicuro dal punto di vista dei tipi;Il vector funziona solo con tipi integrali;1
70;Cosa restituisce la funzione 'end()' di un container STL?;Un iteratore che punta "uno oltre" l'ultimo elemento;Un puntatore all'ultimo elemento;La dimensione massima del container;Il valore numerico zero;1
71;Quale container STL è ottimizzato per inserimenti e cancellazioni frequenti in qualsiasi posizione?;list;vector;deque;stack;1
72;In un 'map' della STL, come sono memorizzati gli elementi?;Come coppie chiave/valore ordinate per chiave;In ordine cronologico di inserimento;In modo casuale per risparmiare spazio;In una lista collegata singola;1
73;Cos'è un "predicato" nella terminologia degli algoritmi STL?;Una funzione che restituisce un valore booleano;Una variabile che conta le iterazioni;Un tipo di dato per gestire errori;Una macro per il calcolo matematico;1
74;Quale algoritmo STL viene usato per ordinare un range?;sort();find();search();replace();1
75;Cosa fa l'algoritmo 'transform()'?;Applica una funzione a un range e salva il risultato in una sequenza;Cambia il tipo di dato di tutti gli elementi;Elimina gli elementi duplicati;Inverte l'ordine degli elementi;1
76;Quale classe della STL è dedicata alla manipolazione di stringhe come oggetti?;std::string;std::char_array;std::cstring;std::text;1
77;Qual è la caratteristica distintiva di un 'deque'?;Supporta inserimenti e cancellazioni efficienti a entrambe le estremità;È una lista che può essere letta solo in avanti;Permette solo l'accesso casuale;Non supporta gli iteratori;1
78;Cosa sono gli "oggetti funzione" (functors)?;Classi che sovraccaricano l'operatore parentesi tonde ();Puntatori a funzioni globali;Macro che simulano oggetti;Oggetti che non hanno metodi;1
79;A cosa serve il manipolatore 'boolalpha'?;Visualizza i valori bool come "true" o "false" invece di 1 o 0;Converte una stringa in booleano;Forza il valore di una variabile a true;Svuota il buffer di input;1
80;Quale funzione della libreria C (<cmath>) calcola la radice quadrata?;sqrt();pow();root();ceil();1
81;Cosa restituisce la funzione 'strlen()' in C?;La lunghezza di una stringa escluso il terminatore null;La dimensione totale dell'array di caratteri;La posizione del primo spazio;Il numero di bit della stringa;1
82;Quale funzione C viene usata per chiudere un file?;fclose();close();endfile();exit();1
83;In C, cosa restituisce 'fopen()' in caso di errore?;NULL;EOF;0;-1;1
84;Qual è lo scopo della direttiva '#ifndef'?;Compilare il codice solo se una macro NON è definita;Includere un file se esiste;Cancellare una definizione precedente;Forzare un errore di compilazione;1
85;Cosa sono i 'trigrafi' in C?;Sequenze di tre caratteri che rappresentano un singolo carattere speciale;Tipi di dati con tre valori possibili;Funzioni con tre parametri;Errori di sintassi molto gravi;1
86;Quale funzione converte una stringa in un intero (tipo int)?;atoi();atof();atol();itoa();1
87;Qual è la funzione di 'qsort()'?;Eseguire un ordinamento veloce su un array;Cercare un elemento in una lista;Uscire dal programma in modo sicuro;Allocare memoria rapidamente;1
88;In C++, cosa fa l'operatore '::'?;Risoluzione dell'ambito (scope resolution);Accesso ai membri di un oggetto tramite puntatore;Incremento di una variabile;Concatenazione di stringhe;1
89;Qual è l'header per le funzioni matematiche complesse in C++?;<complex>;<math.h>;<cmath>;<numbers>;1
90;Cosa permette di fare la classe 'std::valarray'?;Operazioni vettoriali efficienti su array numerici;Gestire stringhe di lunghezza variabile;Creare interfacce grafiche;Allocare memoria in modo casuale;1
91;In un 'map', cosa succede se si tenta di inserire una chiave già esistente tramite insert()?;L'inserimento fallisce e la mappa rimane invariata;La nuova coppia sovrascrive la precedente;Viene lanciata un'eccezione;Il programma termina;1
92;Cosa indica la keyword 'mutable'?;Permette la modifica di un membro anche in un oggetto const;Rende una variabile visibile globalmente;Indica che una funzione può cambiare nome;Dichiara un array di dimensione variabile;1
93;In C++, come si specifica una funzione virtuale pura?;Aggiungendo "= 0" alla fine della dichiarazione;Usando la keyword pure;Dichiarandola nel namespace std;Lasciando il corpo della funzione vuoto {};1
94;Qual è il ruolo del puntatore 'this'?;Punta all'oggetto che ha invocato la funzione membro;Punta alla classe base;Punta all'area di memoria dello stack;Contiene l'indirizzo del distruttore;1
95;Cosa significa che un'operazione è 'atomica'?;Viene eseguita senza interruzioni da altri thread;Consuma pochissima energia;Viene eseguita solo dal processore;Non può essere annullata;1
96;Cosa fa l'algoritmo STL 'accumulate()';Calcola la somma (o una riduzione) di un range di elementi;Moltiplica tutti gli elementi tra loro;Copia un range in un altro;Trova il valore massimo;1
97;Qual è lo scopo del manipolatore 'setw(n)'?;Imposta la larghezza del campo per la prossima operazione di output;Cambia la precisione dei decimali;Allinea il testo a sinistra;Sostituisce gli spazi con zeri;1
98;Quale iteratore permette di scorrere un container in direzione opposta?;reverse_iterator;forward_iterator;bidirectional_iterator;random_iterator;1
99;Cosa succede quando si chiama 'delete' su un puntatore a un oggetto?;Viene richiamato il distruttore e la memoria viene liberata;L'oggetto viene azzerato ma la memoria resta occupata;Viene lanciata un'eccezione di sicurezza;Il puntatore viene impostato a nullptr automaticamente;1
100;In C++, cos'è una 'abstract class'?;Una classe con almeno una funzione virtuale pura;Una classe che non ha attributi;Una classe definita nel preprocessore;Una classe che non può avere classi derivate;1